model,L2_weight_decay,batch_norm_decay,batch_norm_epsilon,learn_rate_adam,beta_1,beta_2,epsilon,min_delta,patience,batchsize,net_type
Initialresnet,0.01,0.99,0.001,0.0013894954943731374,0.95,0.999,1.00E-08,0.0005,20,56,params
resnet_8,0.005,0.99,0.001,0.00019306977288832496,0.95,0.95,1.00E-08,0.00005,20,96,params
resnet_2,0.0005,0.99,0.001,0.003727593720314938,0.8,0.95,1.00E-08,0.005,15,64,params
resnet_7,0.0005,0.99,0.001,0.0022758459260747888,0.9,0.999,1.00E-08,0.00005,15,64,params